{"cameraMode":{"drawMode":0,"name":"Shaded","section":"Shading Mode"},"sceneLighting":true,"audioPlay":false,"sceneViewState":{"showFog":true,"showMaterialUpdate":false,"showSkybox":true,"showFlares":true,"showImageEffects":true,"showParticleSystems":true},"in2DMode":false,"pivot":{"x":0.7135235071182251,"y":1.1852574348449708,"z":-7.75600004196167},"rotation":{"x":-0.12068779766559601,"y":0.19141630828380586,"z":-0.02372383326292038,"w":-0.9737718105316162},"size":6.607396125793457,"orthographic":false}